frame_idx,timestamp_ms,latency_ms,detected,gesture,pred_x,pred_y
0,188324819.5,602.07,1,0,0.5000,0.5000
1,188325501.2,59.92,1,0,0.5000,0.5000
2,188325565.3,59.41,1,0,0.5000,0.5000
3,188325629.1,58.10,1,0,0.5000,0.5000
4,188325692.4,53.71,1,0,0.5000,0.5000
5,188325750.3,56.57,1,0,0.5000,0.5000
6,188325810.7,56.55,1,0,0.5000,0.5000
7,188325871.0,47.78,1,0,0.5000,0.5000
8,188325923.4,58.72,1,0,0.5000,0.5000
9,188325986.5,57.80,1,0,0.5000,0.5000
10,188326047.0,61.60,1,0,0.5000,0.5000
11,188326112.9,53.70,1,0,0.5000,0.5000
12,188326170.8,43.76,1,0,0.5000,0.5000
13,188326218.6,60.61,1,0,0.5000,0.5000
14,188326285.3,57.15,1,0,0.5000,0.5000
15,188326346.9,107.51,1,0,0.5520,0.4718
16,188326464.9,135.56,1,0,0.5883,0.4523
17,188326611.9,146.21,1,0,0.6138,0.4384
18,188326772.0,21.34,1,0,0.6314,0.4286
19,188326800.5,20.61,1,0,0.6439,0.4217
20,188326824.0,19.66,1,0,0.6527,0.4170
21,188326845.3,21.89,1,0,0.6588,0.4137
22,188326868.8,21.28,1,0,0.6632,0.4113
23,188326891.9,26.27,1,0,0.6663,0.4096
24,188326920.1,23.65,1,0,0.6684,0.4084
25,188326945.8,27.16,1,0,0.6699,0.4075
26,188326975.0,25.91,1,0,0.6710,0.4069
27,188327002.4,32.18,1,0,0.6717,0.4065
28,188327036.4,38.40,1,0,0.6722,0.4062
29,188327076.7,31.40,1,0,0.6726,0.4060
30,188327109.9,21.66,1,0,0.6728,0.4058
31,188327143.9,21.63,1,0,0.6731,0.4056
32,188327167.5,42.74,1,0,0.6731,0.4055
33,188327212.2,30.95,1,0,0.6741,0.4052
34,188327245.1,28.67,1,0,0.6775,0.4047
35,188327275.5,30.72,1,0,0.6834,0.4034
36,188327308.1,30.23,1,0,0.6914,0.4011
37,188327340.4,28.55,1,0,0.7003,0.3984
38,188327371.1,30.58,1,1,0.7080,0.3954
39,188327403.4,28.57,1,1,0.7134,0.3927
40,188327441.4,24.29,1,1,0.7157,0.3909
41,188327467.6,30.57,1,1,0.7163,0.3934
42,188327499.9,31.24,1,1,0.7227,0.4270
43,188327532.8,29.29,1,1,0.7114,0.4583
44,188327563.6,46.37,1,1,0.6993,0.4658
45,188327613.4,30.93,1,1,0.6844,0.4592
46,188327646.1,25.43,1,1,0.6694,0.4482
47,188327673.0,27.41,1,1,0.6571,0.4460
48,188327707.9,26.80,1,1,0.6499,0.4394
49,188327736.3,30.56,1,1,0.6491,0.4275
50,188327770.4,30.66,1,1,0.6550,0.4157
51,188327802.8,30.86,1,1,0.6686,0.4038
52,188327835.4,28.96,1,1,0.6893,0.3906
53,188327879.9,21.33,1,1,0.7124,0.3777
54,188327902.9,28.26,1,1,0.7325,0.3674
55,188327933.1,28.67,1,1,0.7477,0.3594
56,188327963.8,45.62,1,1,0.7549,0.3541
57,188328021.4,26.72,1,1,0.7477,0.3556
58,188328052.0,20.30,1,1,0.7326,0.3629
59,188328083.0,20.53,1,1,0.7146,0.3757
60,188328105.2,27.63,1,1,0.6997,0.3947
61,188328134.5,33.92,1,1,0.6913,0.4222
62,188328170.4,29.38,1,1,0.6896,0.4556
63,188328208.5,23.27,1,1,0.6962,0.4861
64,188328233.7,27.83,1,1,0.7048,0.5092
65,188328263.2,31.39,1,1,0.7167,0.5319
66,188328296.1,30.20,1,1,0.7308,0.5451
67,188328334.0,24.55,1,1,0.7483,0.5216
68,188328360.4,49.48,1,1,0.7661,0.4934
69,188328427.5,18.02,1,1,0.7823,0.4806
70,188328447.0,33.71,1,1,0.7935,0.4843
71,188328482.3,20.86,1,1,0.7957,0.5065
72,188328506.0,29.63,1,1,0.7909,0.5269
73,188328537.6,32.37,1,1,0.7801,0.5487
74,188328571.8,28.10,1,1,0.7587,0.5913
75,188328601.9,31.20,1,1,0.7369,0.6136
76,188328635.0,32.26,1,1,0.7110,0.6261
77,188328677.0,19.67,1,1,0.6895,0.6336
78,188328698.4,38.58,1,1,0.6759,0.6409
79,188328739.1,19.34,1,1,0.6738,0.6487
80,188328770.5,35.29,1,1,0.6842,0.6545
81,188328807.4,29.85,1,1,0.7046,0.6607
82,188328838.8,33.69,1,1,0.7293,0.6521
83,188328874.4,31.13,1,1,0.7549,0.6188
84,188328907.4,28.58,1,1,0.7802,0.5816
85,188328938.1,30.15,1,1,0.8047,0.5384
86,188328970.2,32.65,1,1,0.8265,0.4922
87,188329004.6,27.74,1,1,0.8414,0.4548
88,188329036.5,28.81,1,1,0.8469,0.4232
89,188329067.1,30.44,1,1,0.8434,0.3959
90,188329099.7,32.90,1,1,0.8350,0.3763
91,188329134.6,36.94,1,1,0.8208,0.3641
92,188329173.6,37.36,1,1,0.8014,0.3561
93,188329212.9,27.35,1,1,0.7815,0.3552
94,188329241.8,31.41,1,1,0.7571,0.3584
95,188329275.2,26.96,1,1,0.7339,0.3660
96,188329303.8,33.23,1,1,0.7134,0.3749
97,188329338.9,29.85,1,1,0.6962,0.3849
98,188329370.5,30.88,1,1,0.6773,0.3989
99,188329403.0,31.80,1,1,0.6541,0.4181
100,188329436.5,30.00,1,1,0.6324,0.4402
101,188329468.5,29.63,1,1,0.6143,0.4599
102,188329505.1,21.69,1,1,0.6010,0.4890
103,188329536.1,21.57,1,1,0.5931,0.5229
104,188329559.6,47.47,1,1,0.5923,0.5577
105,188329608.8,30.99,1,1,0.5967,0.5850
106,188329641.4,42.68,1,1,0.6097,0.6027
107,188329693.1,18.39,1,1,0.6298,0.5918
108,188329724.1,31.23,1,1,0.6549,0.5712
109,188329757.2,18.36,1,1,0.6851,0.5474
110,188329777.3,19.91,1,1,0.7171,0.5069
111,188329799.3,30.09,1,1,0.7436,0.4689
112,188329831.0,36.71,1,1,0.7608,0.4382
113,188329869.6,26.42,1,1,0.7645,0.4088
114,188329909.1,20.01,1,1,0.7554,0.3888
115,188329931.0,27.95,1,1,0.7449,0.3871
116,188329971.6,35.31,1,1,0.7358,0.3957
117,188330017.6,24.54,1,1,0.7289,0.3990
118,188330044.2,28.55,1,1,0.7267,0.3951
119,188330074.7,31.34,1,1,0.7308,0.3867
120,188330113.1,22.80,1,1,0.7391,0.3808
121,188330144.1,20.73,1,1,0.7523,0.3764
122,188330166.4,30.91,1,1,0.7721,0.3857
123,188330198.9,31.75,1,1,0.7952,0.4190
124,188330232.6,28.87,1,1,0.8112,0.4844
125,188330268.1,27.92,1,1,0.8021,0.5697
126,188330298.0,29.51,1,1,0.7937,0.6179
127,188330329.0,33.01,1,1,0.7790,0.6677
128,188330364.1,45.21,1,1,0.7586,0.6984
129,188330411.2,31.48,1,1,0.7428,0.7113
130,188330444.6,27.72,1,1,0.7156,0.7072
131,188330486.3,19.46,1,1,0.7012,0.6742
132,188330507.3,29.31,1,1,0.6941,0.6369
133,188330538.8,29.63,1,1,0.6986,0.5898
134,188330570.0,31.20,1,1,0.7099,0.5330
135,188330603.2,30.13,1,1,0.7348,0.4732
136,188330635.3,30.16,1,1,0.7634,0.4433
137,188330672.3,26.07,1,1,0.7890,0.4444
138,188330700.3,27.20,1,1,0.8022,0.4530
139,188330735.3,22.90,1,1,0.8046,0.4323
140,188330760.1,49.62,1,1,0.8004,0.3988
141,188330811.5,31.48,1,1,0.7796,0.3744
142,188330844.9,28.15,1,1,0.7605,0.3593
143,188330877.3,25.22,1,1,0.7490,0.3489
144,188330904.1,30.56,1,1,0.7411,0.3421
145,188330936.3,28.02,1,1,0.7334,0.3404
146,188330965.9,31.93,1,1,0.7294,0.3387
147,188330999.8,30.18,1,1,0.7303,0.3349
148,188331031.9,32.07,1,1,0.7344,0.3310
149,188331065.9,39.52,1,1,0.7392,0.3292
150,188331107.3,30.62,1,1,0.7427,0.3306
151,188331139.7,20.76,1,1,0.7452,0.3320
152,188331162.4,44.20,1,1,0.7458,0.3329
153,188331222.8,19.89,1,1,0.7456,0.3374
154,188331244.4,30.58,1,1,0.7527,0.3670
155,188331276.9,28.75,1,1,0.7492,0.4600
156,188331307.4,30.65,1,1,0.7399,0.5249
157,188331339.9,24.65,1,1,0.7309,0.5648
158,188331366.2,31.45,1,1,0.7215,0.5932
159,188331399.6,32.60,1,1,0.7132,0.6124
160,188331434.1,28.88,1,1,0.7089,0.6259
161,188331473.3,29.78,1,1,0.7064,0.6367
162,188331505.1,20.00,1,1,0.7054,0.6433
163,188331526.6,33.62,1,1,0.7044,0.6459
164,188331562.0,47.65,1,1,0.7045,0.6491
165,188331611.9,28.55,1,1,0.7042,0.6511
166,188331642.0,32.41,1,1,0.7039,0.6526
167,188331676.3,26.66,1,1,0.7044,0.6533
168,188331707.4,28.65,1,1,0.7060,0.6543
169,188331737.6,29.66,1,1,0.7105,0.6553
170,188331769.9,29.57,1,1,0.7082,0.6255
171,188331801.9,31.62,1,1,0.7058,0.6053
172,188331835.3,28.07,1,0,0.7047,0.5864
173,188331865.0,35.17,1,0,0.7044,0.5721
174,188331902.1,25.64,1,0,0.7043,0.5629
175,188331942.4,19.88,1,0,0.7043,0.5554
176,188331963.9,43.43,1,0,0.7041,0.5511
177,188332009.3,26.56,1,0,0.7023,0.5442
178,188332037.7,35.61,1,0,0.7029,0.5306
179,188332075.3,30.21,1,1,0.7092,0.5160
180,188332107.2,28.08,1,1,0.7078,0.4668
181,188332145.4,19.25,1,1,0.7062,0.4171
182,188332166.2,33.56,1,1,0.7074,0.3855
183,188332201.7,32.15,1,1,0.7105,0.3631
184,188332235.8,28.18,1,1,0.7145,0.3481
185,188332271.1,26.28,1,1,0.7180,0.3379
186,188332298.9,28.67,1,1,0.7208,0.3314
187,188332332.4,26.84,1,1,0.7218,0.3285
188,188332363.9,46.09,1,1,0.7219,0.3282
189,188332426.9,22.07,1,1,0.7212,0.3297
190,188332451.0,20.75,1,1,0.7198,0.3322
191,188332474.4,28.10,1,1,0.7181,0.3348
192,188332505.4,29.68,1,1,0.7163,0.3395
193,188332537.0,29.97,1,1,0.7181,0.3532
194,188332569.1,32.24,1,1,0.7240,0.4102
195,188332603.3,29.13,1,1,0.7207,0.4926
196,188332634.0,30.10,1,1,0.7182,0.5467
197,188332666.1,30.40,1,1,0.7157,0.5767
198,188332708.4,20.71,1,1,0.7131,0.6018
199,188332739.4,19.86,1,1,0.7118,0.6191
200,188332761.0,45.39,1,1,0.7117,0.6313
201,188332817.9,22.33,1,1,0.7121,0.6400
202,188332842.0,31.85,1,1,0.7127,0.6451
203,188332875.8,23.89,1,1,0.7138,0.6488
204,188332901.2,32.09,1,1,0.7142,0.6509
205,188332935.3,31.29,1,1,0.7141,0.6522
206,188332975.0,22.74,1,1,0.7137,0.6527
207,188332999.2,29.32,1,1,0.7140,0.6526
208,188333037.0,25.61,1,1,0.7149,0.6512
209,188333064.6,31.36,1,1,0.7145,0.6417
210,188333113.5,21.94,1,1,0.7109,0.6167
211,188333137.4,21.72,1,1,0.7087,0.5994
212,188333161.1,43.83,1,0,0.7079,0.5820
213,188333208.0,34.38,1,0,0.7075,0.5661
214,188333254.5,21.57,1,0,0.7073,0.5545
215,188333278.0,28.44,1,0,0.7071,0.5461
216,188333308.4,26.99,1,0,0.7067,0.5404
217,188333337.0,32.61,1,0,0.7063,0.5367
218,188333371.5,41.78,1,0,0.7061,0.5337
219,188333415.0,20.18,1,0,0.7060,0.5317
220,188333437.1,28.77,1,0,0.7059,0.5308
221,188333471.5,26.40,1,0,0.7058,0.5296
222,188333499.5,27.88,1,0,0.7057,0.5295
223,188333528.9,32.34,1,0,0.7058,0.5288
224,188333565.0,43.24,1,0,0.7057,0.5286
225,188333613.0,32.07,1,0,0.7056,0.5281
226,188333647.0,24.95,1,0,0.7054,0.5283
227,188333675.5,25.37,1,0,0.7055,0.5285
228,188333706.5,26.95,1,0,0.7055,0.5281
229,188333735.4,30.36,1,0,0.7055,0.5285
230,188333770.0,27.83,1,0,0.7055,0.5286
231,188333799.8,30.92,1,0,0.7054,0.5283
232,188333832.5,30.25,1,0,0.7055,0.5280
233,188333864.4,30.90,1,0,0.7056,0.5272
234,188333909.5,18.59,1,0,0.7042,0.5266
235,188333940.5,30.75,1,0,0.7009,0.5296
236,188333973.2,32.89,1,0,0.6944,0.5391
237,188334008.1,28.37,1,0,0.6860,0.5535
238,188334051.1,19.74,1,0,0.6787,0.5678
239,188334072.7,30.13,1,0,0.6741,0.5786
240,188334105.0,27.53,1,0,0.6718,0.5885
241,188334134.1,31.63,1,0,0.6706,0.5969
242,188334167.7,30.37,1,0,0.6702,0.6045
243,188334200.1,30.09,1,1,0.6709,0.6108
244,188334232.5,31.01,1,1,0.6716,0.6161
245,188334268.6,40.53,1,1,0.6724,0.6191
246,188334311.1,21.26,1,1,0.6738,0.6185
247,188334334.0,26.60,1,1,0.6748,0.6170
248,188334363.1,42.42,1,1,0.6752,0.6154
249,188334407.4,32.84,1,1,0.6759,0.6138
250,188334442.3,30.17,1,1,0.6770,0.6137
251,188334474.3,29.98,1,0,0.6777,0.6154
252,188334505.9,29.64,1,0,0.6782,0.6157
253,188334537.0,33.54,1,0,0.6785,0.6149
254,188334572.4,26.62,1,0,0.6788,0.6134
255,188334600.6,29.92,1,0,0.6790,0.6114
256,188334645.1,21.02,1,0,0.6795,0.6092
257,188334668.2,30.16,1,0,0.6803,0.6068
258,188334700.3,29.25,1,0,0.6811,0.6042
259,188334739.6,23.49,1,0,0.6819,0.6017
260,188334765.0,43.28,1,0,0.6825,0.5995
261,188334817.1,23.37,1,0,0.6831,0.5980
262,188334842.0,32.54,1,0,0.6836,0.5972
263,188334879.6,27.15,1,0,0.6839,0.5963
264,188334908.7,29.49,1,0,0.6840,0.5960
265,188334940.2,31.96,1,0,0.6838,0.5953
266,188334974.1,28.01,1,0,0.6834,0.5946
267,188335003.6,29.20,1,0,0.6831,0.5944
268,188335050.1,18.04,1,0,0.6827,0.5939
269,188335081.6,19.35,1,0,0.6824,0.5944
270,188335102.7,24.76,1,0,0.6820,0.5948
271,188335143.6,19.88,1,0,0.6820,0.5958
272,188335175.1,34.75,1,0,0.6820,0.5965
273,188335211.7,31.40,1,0,0.6821,0.5969
274,188335245.1,37.66,1,0,0.6807,0.5942
275,188335284.8,20.14,1,0,0.6777,0.5857
276,188335315.6,21.77,1,0,0.6771,0.5849
277,188335339.3,29.70,1,0,0.6732,0.5678
278,188335371.0,28.97,1,1,0.6690,0.5295
279,188335410.1,23.46,1,1,0.6647,0.4991
280,188335435.6,30.25,1,1,0.6622,0.4761
281,188335473.7,24.79,1,1,0.6604,0.4578
282,188335500.4,27.46,1,1,0.6594,0.4427
283,188335529.5,30.57,1,1,0.6597,0.4326
284,188335568.2,38.34,1,1,0.6596,0.4245
285,188335615.2,24.60,1,1,0.6588,0.4178
286,188335641.7,32.66,1,1,0.6574,0.4094
287,188335676.3,25.53,1,1,0.6570,0.4000
288,188335703.9,27.93,1,1,0.6583,0.3918
289,188335738.7,26.94,1,1,0.6608,0.3859
290,188335767.6,32.49,1,1,0.6635,0.3822
291,188335816.2,21.11,1,1,0.6658,0.3783
292,188335839.2,23.39,1,1,0.6692,0.3726
293,188335864.1,34.48,1,1,0.6739,0.3680
294,188335900.1,31.17,1,1,0.6780,0.3666
295,188335933.2,27.37,1,1,0.6810,0.3664
296,188335962.5,45.87,1,1,0.6826,0.3684
297,188336019.2,23.30,1,1,0.6830,0.3724
298,188336050.2,24.56,1,1,0.6820,0.3778
299,188336076.8,27.86,1,1,0.6807,0.3835
